aaa@aa.aa,"Nokia 6.1 plus",2020-08-09
aaa@aa.aa,"Men cobalt checks shirt 39",2020-08-09
aaa@aa.aa,"Men brown formal shirt 39",2020-08-09
aaa@aa.aa,"Iphone XR",2020-07-11
aaa@aa.aa,"Nokia 6.1 plus",2020-07-11
aaa@aa.aa,"women printed kurtha small",2020-07-11
aaa@aa.aa,"Men cobalt checks shirt 39",2020-07-11
aaa@aa.aa,"Samsung Galaxy M10",2020-07-11
aaa@aa.aa,"women rayon kurthi small",2020-07-11
aaa@aa.aa,"Men skyblue casual shirt 39",2020-07-11
aaa@aa.aa,"Iphone X",2020-10-21
bbb@bbb.bb,"Nokia 6.1 plus",2020-07-10
bbb@bbb.bb,"Men cobalt checks shirt 39",2020-07-10
bbb@bbb.bb,"Iphone XR",2020-07-10
bbb@bbb.bb,"Iphone XR",2020-07-11
bbb@bbb.bb,"women printed kurtha small",2020-07-11
bbb@bbb.bb,"Men brown formal shirt 39",2020-07-11
bbb@bbb.bb,"Samsung Galaxy M10",2020-07-11
bbb@bbb.bb,"women rayon kurthi small",2020-07-11
bbb@bbb.bb,"Iphone X",2020-07-11
bbb@bbb.bb,"women a line kurtha small",2020-07-11
bbb@bbb.bb,"women straight digital print kurtha small",2020-07-11
ccc@cc.cc,"Nokia 6.1 plus",2020-07-10
ccc@cc.cc,"Iphone XR",2020-07-10
ccc@cc.cc,"Nokia 6.1 plus",2020-07-10
ccc@cc.cc,"Iphone XR",2020-07-10
ccc@cc.cc,"Men brown formal shirt 39",2020-07-10
ccc@cc.cc,"Nokia 6.1 plus",2020-07-11
ccc@cc.cc,"Men cobalt checks shirt 39",2020-07-11
ccc@cc.cc,"Iphone XR",2020-07-11
ccc@cc.cc,"women printed kurtha small",2020-07-11
ccc@cc.cc,"Men brown formal shirt 39",2020-07-11
ccc@cc.cc,"Samsung Galaxy M10",2020-07-11
ccc@cc.cc,"Iphone X",2020-07-11
ccc@cc.cc,"women a line kurtha small",2020-07-11
ddd@dd.dd,"Nokia 6.1 plus",2020-08-09
ddd@dd.dd,"Men cobalt checks shirt 39",2020-08-09
ddd@dd.dd,"Samsung Galaxy M10",2020-08-09
ddd@dd.dd,"Iphone X",2020-08-09
ddd@dd.dd,"Nokia 6.1 plus",2020-07-11
ddd@dd.dd,"Samsung Galaxy M10",2020-07-11
ddd@dd.dd,"women printed kurtha small",2020-07-11
ddd@dd.dd,"Men brown formal shirt 39",2020-07-11
eee@ee.ee,"Nokia 6.1 plus",2020-07-10
eee@ee.ee,"Men cobalt checks shirt 39",2020-07-10
eee@ee.ee,"Iphone XR",2020-07-10
eee@ee.ee,"Iphone X",2020-07-10
eee@ee.ee,"Iphone XR",2020-07-11
eee@ee.ee,"women printed kurtha small",2020-07-11
eee@ee.ee,"Men brown formal shirt 39",2020-07-11
eee@ee.ee,"Nokia 6.1 plus",2020-07-11
eee@ee.ee,"Men cobalt checks shirt 39",2020-07-11
fff@ff.ff,"Nokia 6.1 plus",2020-07-10
fff@ff.ff,"Men cobalt checks shirt 39",2020-07-10
fff@ff.ff,"women printed kurtha small",2020-07-11
fff@ff.ff,"Men brown formal shirt 39",2020-07-11
fff@ff.ff,"Nokia 6.1 plus",2020-07-11
fff@ff.ff,"Men cobalt checks shirt 39",2020-07-11
fff@ff.ff,"Iphone X",2020-07-11
fff@ff.ff,"women a line kurtha small",2020-07-11
ggg@gg.gg,"Men cobalt checks shirt 39",2020-07-10
ggg@gg.gg,"Iphone X",2020-07-11
ggg@gg.gg,"women a line kurtha small",2020-07-11
ggg@gg.gg,"women printed kurtha small",2020-07-11
ggg@gg.gg,"Men brown formal shirt 39",2020-07-11
hhh@hh.hh,"Nokia 6.1 plus",2020-07-10
hhh@hh.hh,"Men cobalt checks shirt 39",2020-07-10
hhh@hh.hh,"Iphone XR",2020-07-11
hhh@hh.hh,"women printed kurtha small",2020-07-11
iii@ii.ii,"Nokia 6.1 plus",2020-07-10
iii@ii.ii,"women printed kurtha small",2020-07-10
iii@ii.ii,"Iphone XR",2020-07-10
iii@ii.ii,"Iphone XR",2020-07-11
iii@ii.ii,"women printed kurtha small",2020-07-11
jjj@jj.jj,"Nokia 6.1 plus",2020-07-10
jjj@jj.jj,"women printed kurtha small",2020-07-10
jjj@jj.jj,"Samsung Galaxy M10",2020-07-11
jjj@jj.jj,"women rayon kurthi small",2020-07-11
jjj@jj.jj,"Men skyblue casual shirt 39",2020-07-11
kkk@kk.kk,"Samsung Galaxy M10",2020-07-11
kkk@kk.kk,"women rayon kurthi small",2020-07-11
kkk@kk.kk,"women printed kurtha small",2020-07-11
lll@ll.ll,"Iphone XR",2020-07-11
lll@ll.ll,"women printed kurtha small",2020-07-11
lll@ll.ll,"Men white checks shirt 39",2020-07-11
pranay.kaipu@gmail.com,"Iphone X",2020-12-16
pranay.kaipu@gmail.com,"Nokia 6.1 plus",2020-12-16
pranay.kaipu@gmail.com,"Nokia 3.1 plus",2020-12-16
